City,Humidity,Date,Country,Max Temperature (F),Wind Speed (mph),Cloudiness,Lattitude,Longitude
butaritari,100,1552264002,KI,82.72400000000002,6.57,80,3.07,172.79
hilo,73,1552263861,US,73.99400000000009,1.5,75,19.71,-155.08
barrow,46,1552264003,AR,63.28399999999999,3.42,0,-38.31,-60.23
kirakira,100,1552264003,SB,83.62400000000002,3.67,24,-10.46,161.92
rikitea,100,1552264003,PF,76.01900000000008,6.77,80,-23.12,-134.97
longyearbyen,59,1552261800,NO,1.3999999999999986,1.5,20,78.22,15.63
arraial do cabo,93,1552264004,BR,80.24900000000002,2.92,36,-22.97,-42.02
cape town,77,1552263753,ZA,64.00400000000005,9.3,20,-33.93,18.42
vaini,89,1552264005,IN,62.74400000000007,0.67,0,15.34,74.49
rincon,73,1552263853,US,77.0,2.77,90,32.3,-81.24
nogliki,84,1552264005,RU,28.18399999999999,3.37,0,51.8,143.14
qaanaaq,97,1552264006,GL,-9.165999999999961,4.17,36,77.48,-69.36
along,86,1552264009,IN,47.53399999999999,0.97,0,28.17,94.8
linxia,68,1552264009,CN,12.074000000000012,1.22,0,35.6,103.21
vestmannaeyjar,100,1552264010,IS,27.419000000000075,3.47,0,63.44,-20.27
hobart,47,1552263440,AU,60.998000000000026,4.6,20,-42.88,147.33
narsaq,68,1552261800,GL,24.8,1.67,0,60.91,-46.05
albany,99,1552263817,US,39.992,4.1,90,42.65,-73.75
airai,82,1552264011,TL,72.77900000000005,0.62,92,-8.93,125.41
fuente de oro,81,1552264011,CO,72.86900000000009,0.82,88,3.46,-73.62
ushuaia,62,1552258800,AR,55.400000000000006,8.7,75,-54.81,-68.31
mataura,71,1552263605,NZ,68.0,0.45,8,-46.19,168.86
igarka,85,1552264012,RU,20.129000000000055,5.47,88,67.47,86.57
tiarei,74,1552263783,PF,84.2,2.6,75,-17.53,-149.33
kayattar,88,1552264013,IN,70.16900000000007,1.27,0,8.95,77.8
fairbanks,44,1552263602,US,46.004000000000055,3.52,40,64.84,-147.72
bredasdorp,82,1552263352,ZA,66.2,5.7,92,-34.53,20.04
loten,78,1552263303,NO,19.99400000000007,0.89,36,60.82,11.34
saldanha,87,1552264014,PT,41.233999999999995,1.82,0,41.42,-6.55
san policarpo,98,1552264014,PH,77.234,0.52,20,12.18,125.51
east london,100,1552264010,ZA,73.31900000000007,10.27,92,-33.02,27.91
zhangjiakou,77,1552264015,CN,26.204000000000054,4.82,0,40.77,114.88
punta arenas,66,1552263787,CL,55.400000000000006,6.2,75,-53.16,-70.91
saint-ambroise,87,1552263968,FR,44.99600000000005,5.7,75,47.25,-0.65
puyang,35,1552264016,CN,47.174000000000014,5.67,0,35.76,115.02
puerto ayora,85,1552264016,EC,83.39900000000002,4.57,0,-0.74,-90.35
porto velho,88,1552258800,BR,77.0,0.5,75,-8.75,-63.87
bud,100,1552263600,NO,32.0,2.1,56,62.91,6.91
nemuro,92,1552262400,JP,30.2,3.6,75,43.32,145.57
amapa,66,1552263953,HN,84.2,5.7,20,15.09,-87.97
victoria,100,1552260600,BN,77.0,0.5,75,5.28,115.24
altus,86,1552263400,US,42.8,2.6,90,34.64,-99.33
yellowknife,78,1552263970,CA,19.99400000000007,4.6,75,62.45,-114.38
talnakh,88,1552264019,RU,16.529000000000053,6.47,88,69.49,88.39
vyazemskiy,42,1552264022,RU,32.774000000000015,1.52,56,47.53,134.76
bonfim,42,1552264022,GY,88.39400000000008,7.67,0,3.36,-59.84
saint-joseph,47,1552263920,FR,60.998000000000026,8.7,0,43.56,6.97
lyuban,86,1552264023,BY,34.483999999999995,4.07,76,52.8,28
kuldur,54,1552264023,RU,26.114000000000033,1.32,48,49.22,131.63
broken hill,57,1552258800,AU,75.2,3.1,56,-31.97,141.45
hasaki,93,1552263577,JP,53.99600000000005,9.8,75,35.73,140.83
isangel,79,1552262400,VU,84.2,1.5,75,-19.55,169.27
kruisfontein,93,1552264024,ZA,65.66900000000007,8.32,92,-34,24.73
cockburn town,100,1552264025,TC,77.05400000000006,9.77,88,21.46,-71.14
vila velha,88,1552262895,BR,78.80000000000001,1.5,20,-3.71,-38.6
tiksi,36,1552264025,RU,-24.825999999999937,1.57,0,71.64,128.87
balkhash,72,1552264026,KZ,10.094000000000072,2.42,0,46.84,74.98
poum,63,1552264026,MK,40.649000000000015,1.27,0,41.28,20.71
bluff,66,1552264026,AU,82.09400000000008,2.07,0,-23.58,149.07
kangaatsiaq,100,1552264027,GL,9.283999999999992,7.92,56,68.31,-53.46
tuatapere,71,1552263605,NZ,68.0,0.45,76,-46.13,167.69
leningradskiy,99,1552264028,RU,-5.83599999999997,2.07,44,69.38,178.42
pevek,85,1552264031,RU,-9.885999999999967,0.92,0,69.7,170.27
busselton,57,1552263918,AU,62.99600000000005,5.27,20,-33.64,115.35
rutul,66,1552258800,RU,48.2,0.57,75,41.53,47.42
ambikapur,83,1552264032,IN,56.399000000000015,1.27,0,23.12,83.2
souillac,87,1552264029,FR,46.004000000000055,3.1,0,45.6,-0.6
san antonio,77,1552258800,CL,68.0,2.6,0,-33.58,-71.61
bayeux,81,1552263304,FR,44.99600000000005,7.2,0,49.28,-0.7
alice springs,17,1552260600,AU,95.0,4.6,0,-23.7,133.88
kaohsiung,100,1552263902,TW,68.0,1.5,75,22.62,120.31
atuona,100,1552264039,PF,82.27400000000002,4.12,80,-9.8,-139.03
port elizabeth,93,1552264014,US,53.00600000000003,6.02,1,39.31,-74.98
port alfred,97,1552263921,ZA,66.00200000000008,4.47,92,-33.59,26.89
darnetal,81,1552263987,FR,44.00600000000003,5.1,92,49.45,1.15
santa cruz,50,1552264029,US,60.00800000000001,3.1,1,36.97,-122.03
nikolskoye,79,1552263997,RU,28.004000000000055,1,20,59.7,30.79
margate,47,1552263440,AU,60.998000000000026,4.6,20,-43.03,147.26
shelburne,74,1552263976,CA,37.004000000000055,11.3,90,44.08,-80.2
bako,65,1552264043,NG,80.65400000000005,4.72,44,9.68,6.4
rabo de peixe,87,1552263993,PT,59.0,6.2,75,37.8,-25.58
sal rei,82,1552262400,CV,68.0,5.1,40,16.18,-22.92
hermanus,95,1552263419,ZA,66.00200000000008,2.12,92,-34.42,19.24
hamilton,63,1552258500,BM,62.6,2.1,40,32.3,-64.78
lalmohan,92,1552264044,BD,71.834,2.57,0,22.34,90.74
whyalla,73,1552258800,AU,71.6,5.7,90,-33.04,137.58
pisco,70,1552263995,PE,75.434,1.57,20,-13.71,-76.2
provideniya,73,1552260600,RU,19.4,8,75,64.42,-173.23
brindisi,87,1552263836,IT,53.99600000000005,2.1,0,40.63,17.94
basoko,89,1552264046,CD,74.53399999999999,1.22,0,1.23,23.61
bambous virieux,88,1552263847,MU,75.00200000000008,2.6,20,-20.34,57.76
cabo rojo,100,1552263926,PR,78.00800000000001,7.7,1,18.09,-67.15
avarua,70,1552262400,CK,86.0,5.1,64,-21.21,-159.78
puerto del rosario,88,1552262400,ES,64.4,7.2,0,28.5,-13.86
shieli,82,1552264050,KZ,30.344000000000072,5.37,0,44.18,66.74
khatanga,67,1552264050,RU,-1.33599999999997,4.97,68,71.98,102.47
diffa,19,1552264050,NE,76.37900000000005,4.92,0,13.32,12.61
lasem,94,1552258800,ID,78.80000000000001,0.5,12,-6.99,112.52
otjiwarongo,39,1552264051,NA,61.34900000000002,3.02,0,-20.46,16.65
severo-kurilsk,100,1552264051,RU,27.644000000000073,8.57,44,50.68,156.12
ribeira grande,94,1552264052,PT,61.754000000000055,7.12,88,38.52,-28.7
faanui,100,1552264052,PF,82.54400000000007,3.32,56,-16.48,-151.75
saskylakh,72,1552264053,RU,-16.680999999999976,2.42,32,71.97,114.09
nouadhibou,56,1552262400,MR,68.0,5.7,0,20.93,-17.03
paamiut,100,1552264053,GL,26.02400000000001,10.32,0,61.99,-49.67
khani,93,1552260600,GE,48.2,1.5,90,41.96,42.96
altay,58,1552264054,CN,-2.550999999999938,0.82,12,47.83,88.13
dikson,90,1552264054,RU,7.349000000000011,4.57,48,73.51,80.55
comodoro rivadavia,23,1552258800,AR,87.80000000000001,3.1,0,-45.87,-67.48
cidreira,92,1552264055,BR,66.56900000000007,4.07,20,-30.17,-50.22
krapivinskiy,66,1552260600,RU,10.399999999999999,2,0,55,86.81
barentu,71,1552264055,ER,60.899000000000015,0.92,0,15.11,37.59
dwarka,59,1552263308,IN,68.0,4.1,8,28.58,77.04
geraldton,79,1552262400,CA,28.4,2.6,90,49.72,-86.95
thompson,56,1552262400,CA,12.2,0.02,20,55.74,-97.86
hithadhoo,100,1552264056,MV,83.12900000000005,1.67,8,-0.6,73.08
mookane,48,1552264057,BW,75.88399999999999,6.37,36,-23.68,26.66
si racha,74,1552263758,TH,86.0,2.1,20,13.17,100.93
saint george,46,1552261800,GR,53.6,2.12,40,39.45,22.34
perelyub,91,1552264058,RU,35.24900000000001,6.67,92,51.87,50.37
cherskiy,70,1552264058,RU,-5.970999999999947,1.07,24,68.75,161.3
oranjemund,94,1552264058,ZA,62.83399999999999,1.97,44,-28.55,16.43
dhidhdhoo,100,1552263924,MV,81.46400000000003,2.22,0,6.88,73.1
new norfolk,47,1552264044,AU,60.998000000000026,4.6,20,-42.78,147.06
fairlie,57,1552264049,US,55.99400000000007,3.6,1,33.31,-95.96
kalengwa,95,1552264060,ZM,65.26400000000004,1.87,68,-13.47,25
saint-philippe,91,1552264049,CA,35.99600000000005,6.7,90,45.36,-73.48
samur,82,1552264060,RU,46.004000000000055,2.07,48,41.83,48.49
whithorn,74,1552262400,JM,80.6,2.1,20,18.26,-78.04
shawnee,93,1552263954,US,44.99600000000005,3.1,90,35.33,-96.93
kapaa,69,1552263794,US,78.80000000000001,8.2,90,22.08,-159.32
canto do buriti,82,1552264062,BR,75.434,1.32,0,-8.11,-42.94
izobilnyy,76,1552260600,RU,39.2,14,75,45.37,41.71
luderitz,78,1552264062,NA,61.07900000000005,7.47,0,-26.65,15.16
kingston,80,1552263969,CA,37.4,10.8,90,44.23,-76.48
hobyo,91,1552264063,SO,77.36900000000009,6.87,92,5.35,48.53
ca mau,99,1552263899,VN,72.77900000000005,1.62,0,9.18,105.15
cayenne,83,1552262400,GF,78.80000000000001,3.1,75,4.94,-52.33
sistranda,86,1552263912,NO,28.004000000000055,2.6,75,63.73,8.83
castro,77,1552262400,CL,59.0,1,0,-42.48,-73.76
daru,87,1552264064,SL,74.66900000000007,2.22,68,7.99,-10.85
georgetown,88,1552262400,GY,80.6,3.1,20,6.8,-58.16
mar del plata,28,1552264065,AR,78.04400000000007,4.22,0,-46.43,-67.52
mitsamiouli,98,1552264066,KM,82.76900000000008,6.17,24,-11.38,43.28
tabou,97,1552264066,CI,82.45400000000006,3.87,0,4.42,-7.36
hofn,100,1552264066,IS,38.399000000000015,8.97,68,64.25,-15.21
ostrovnoy,92,1552264067,RU,17.654000000000053,4.77,76,68.05,39.51
burla,92,1552264067,RU,12.164000000000033,4.02,80,53.34,78.33
kodiak,40,1552264030,US,39.00200000000008,1.42,1,39.95,-94.76
bodden town,78,1552262404,KY,80.6,6.7,40,19.28,-81.25
dunedin,70,1552263751,NZ,66.00200000000008,7.15,76,-45.87,170.5
bethel,93,1552263540,US,37.4,2.6,90,60.79,-161.76
norman wells,50,1552262400,CA,30.2,5.1,75,65.28,-126.83
ambon,87,1552264055,FR,48.992,3.1,75,47.55,-2.56
jamestown,99,1552264070,AU,68.09900000000002,2.67,80,-33.21,138.6
preobrazheniye,53,1552264070,RU,30.569000000000074,1.07,80,42.9,133.91
cimislia,43,1552263594,MD,51.998000000000026,4.1,20,46.52,28.78
yabelo,36,1552264070,ET,65.984,2.87,0,4.89,38.09
saint-augustin,100,1552264029,FR,48.2,1,0,44.83,-0.61
salalah,15,1552261800,OM,75.2,3.6,0,17.01,54.1
yulara,19,1552258800,AU,89.6,2.1,0,-25.24,130.99
diebougou,31,1552264072,BF,76.69400000000007,3.77,0,10.97,-3.25
vestmanna,93,1552263600,FO,35.6,4.6,92,62.16,-7.17
eyl,99,1552264072,SO,75.52400000000002,6.92,48,7.98,49.82
suez,78,1552264073,EG,39.254000000000055,1.32,0,29.97,32.54
yarada,83,1552258800,IN,78.80000000000001,1,20,17.65,83.27
chicama,79,1552264073,PE,74.984,1.37,44,-7.84,-79.15
oyem,93,1552264074,GA,72.10400000000006,1.02,8,1.6,11.57
saint-pierre,75,1552264025,FR,42.998000000000026,9.3,0,48.95,4.24
sao joao da barra,83,1552258800,BR,80.6,3.1,75,-21.64,-41.05
ponta do sol,94,1552264075,BR,65.174,1.32,36,-20.63,-46
tsumeb,64,1552264075,NA,61.799000000000014,1.27,0,-19.25,17.72
moussoro,19,1552264075,TD,72.91400000000004,5.62,0,13.64,16.49
sorland,100,1552264076,NO,32.774000000000015,6.52,48,67.67,12.69
pacific grove,54,1552264075,US,60.8,6.2,40,36.62,-121.92
nyurba,80,1552264076,RU,5.954000000000054,1.97,36,63.29,118.35
tete,94,1552262400,MZ,73.4,1.5,0,-16.16,33.59
ust-uda,59,1552264077,RU,0.6440000000000232,1.12,44,54.17,103.03
mehamn,78,1552258200,NO,17.6,6.7,0,71.03,27.85
chokurdakh,78,1552264078,RU,-4.2159999999999584,1.87,76,70.62,147.9
sao felix do xingu,86,1552264078,BR,78.13399999999999,1.52,56,-6.64,-51.99
touros,88,1552262400,BR,80.6,1.5,40,-5.2,-35.46
katsuura,62,1552263882,JP,57.2,7.7,40,33.93,134.5
kavieng,100,1552264079,PG,81.64400000000008,5.62,76,-2.57,150.8
dillon,62,1552263911,US,30.002000000000077,0.52,1,45.22,-112.64
parkes,82,1552264079,AU,70.97900000000006,2.47,0,-33.14,148.18
komsomolskiy,89,1552264080,RU,19.72400000000001,1.67,76,67.55,63.78
villa carlos paz,82,1552263923,AR,62.00600000000003,2.1,90,-31.42,-64.5
aginskoye,40,1552264080,RU,11.804000000000052,6.92,0,51.11,114.54
yar-sale,90,1552264081,RU,25.799000000000014,5.67,80,66.83,70.83
lagoa,72,1552264029,PT,64.4,2.6,0,37.14,-8.45
maragogi,96,1552264085,BR,74.44400000000007,2.52,8,-9.01,-35.22
yining,79,1552264085,CN,40.649000000000015,0.97,12,29.04,114.56
kampot,94,1552260600,KH,71.6,0.5,0,10.62,104.18
san angelo,66,1552263906,US,53.6,6.2,1,31.46,-100.44
lethem,42,1552264086,GY,88.39400000000008,7.67,0,3.38,-59.8
beringovskiy,92,1552264086,RU,8.38399999999999,13.22,80,63.05,179.32
harwich,100,1552264083,US,46.4,4.6,90,41.69,-70.08
rundu,84,1552264087,NA,67.96400000000003,1.57,80,-17.91,19.77
antonio escobedo,26,1552263617,MX,82.99400000000009,0.92,0,20.8,-104.02
bathsheba,65,1552258800,BB,78.80000000000001,6.7,20,13.22,-59.52
carnarvon,67,1552264088,ZA,42.71900000000007,1.07,0,-30.97,22.13
srandakan,98,1552264088,ID,72.64400000000008,1.62,88,-7.94,110.25
berberati,79,1552264088,CF,71.87900000000005,1.17,0,4.26,15.79
yumen,60,1552264089,CN,19.364000000000033,2.07,0,40.29,97.04
gejiu,81,1552264089,CN,42.40400000000005,0.62,0,23.36,103.16
dingle,82,1552264089,PH,77.99900000000002,2.97,0,11,122.67
tayu,87,1552264045,JP,55.400000000000006,3.6,75,35.06,136.67
namatanai,100,1552264090,PG,77.36900000000009,4.52,92,-3.66,152.44
bandarbeyla,100,1552264090,SO,79.12400000000002,5.82,0,9.49,50.81
noshiro,100,1552262400,JP,46.4,2.6,75,40.21,140.05
miyako,58,1552264088,JP,59.0,5.7,40,33.63,130.94
westport,71,1552264091,IE,42.008,11.62,12,53.8,-9.52
portland,43,1552263870,US,51.998000000000026,5.1,20,45.52,-122.67
key west,72,1552263796,US,17.6,4.6,1,47.93,-96.78
upernavik,100,1552264092,GL,-2.7309999999999803,4.62,20,72.79,-56.15
college,44,1552263807,US,46.004000000000055,3.52,40,64.86,-147.8
chuy,82,1552264093,UY,64.67900000000006,4.77,0,-33.69,-53.46
camapua,84,1552264093,BR,76.64900000000002,2.87,36,-19.53,-54.04
sao filipe,92,1552264094,CV,72.01400000000004,5.92,0,14.9,-24.5
barranca,98,1552264094,PE,73.72400000000002,4.42,56,-10.75,-77.76
coihaique,48,1552262400,CL,68.0,2.1,0,-45.58,-72.07
walvis bay,82,1552262532,NA,60.00800000000001,4.1,0,-22.95,14.51
chara,46,1552261800,GR,53.6,2.12,40,39.42,22.43
fayaoue,100,1552264095,NC,78.85400000000006,5.92,64,-20.65,166.53
vila franca do campo,87,1552264053,PT,59.0,6.2,75,37.72,-25.43
prince rupert,93,1552262400,CA,37.4,10.3,90,54.32,-130.32
cabo san lucas,56,1552263902,MX,77.0,3.1,75,22.89,-109.91
yuncheng,64,1552264096,CN,32.27900000000005,1.47,8,35.03,111
fallon,73,1552262160,US,21.2,3.1,1,46.84,-105.12
laredo,58,1552263906,US,84.2,5.1,20,27.51,-99.51
uyovu,85,1552264097,TZ,61.52900000000005,1.62,20,-3.28,31.53
boueni,83,1552262400,YT,77.0,11.8,68,-12.9,45.08
ardakan,48,1552262400,IR,44.6,4.1,0,32.31,54.02
broome,91,1552264082,GB,37.99400000000007,8.2,0,52.47,1.45
fairhope,100,1552263924,US,75.99199999999999,2.6,90,30.52,-87.9
san patricio,71,1552264099,PY,76.19900000000001,2.77,44,-26.98,-56.83
tuktoyaktuk,78,1552262400,CA,12.2,4.6,75,69.44,-133.03
mandalgovi,77,1552264099,MN,15.449000000000012,5.12,44,45.76,106.27
lompoc,62,1552263809,US,59.0,5.7,32,34.64,-120.46
fortuna,87,1552264082,ES,57.992,1.5,0,38.18,-1.13
finschhafen,73,1552264100,PG,80.87900000000005,1.12,68,-6.6,147.85
lima,78,1552263905,PE,73.99400000000009,6.2,0,-12.06,-77.04
baft,76,1552264101,IR,11.399000000000012,0.22,0,29.23,56.61
noumea,62,1552262400,NC,86.0,3.6,20,-22.28,166.46
tasiilaq,57,1552261800,GL,21.2,1,68,65.61,-37.64
iqaluit,75,1552263763,CA,-14.007999999999953,3.1,20,63.75,-68.52
zaysan,66,1552264102,KZ,13.919000000000072,1.07,36,47.47,84.87
henties bay,87,1552262532,NA,60.00800000000001,1.34,0,-22.12,14.28
klaksvik,93,1552263600,FO,35.6,4.6,88,62.23,-6.59
ilulissat,66,1552261800,GL,12.2,4.6,80,69.22,-51.1
aklavik,50,1552262400,CA,28.4,3.97,75,68.22,-135.01
vossevangen,79,1552263328,NO,24.008000000000003,0.45,0,60.63,6.42
fort nelson,61,1552262400,CA,32.0,1.5,75,58.81,-122.69
lebu,48,1552258800,ET,62.6,4.1,20,8.96,38.73
ludvika,85,1552263916,SE,21.991999999999997,5.1,24,60.15,15.18
nenjiang,52,1552264108,CN,27.59900000000001,2.22,0,49.17,125.23
birin,94,1552264108,SY,46.72400000000001,4.82,0,35.01,36.67
novomalorossiyskaya,86,1552263317,RU,39.00200000000008,7.32,0,45.63,39.89
neka,83,1552264109,IR,34.12400000000001,0.97,0,36.65,53.3
kavaratti,100,1552264109,IN,82.31900000000007,3.57,44,10.57,72.64
iberia,80,1552264109,PE,78.674,1.17,24,-11.41,-69.49
ancud,77,1552262400,CL,59.0,1,0,-41.87,-73.83
itaituba,93,1552264110,BR,76.69400000000007,0.87,64,-4.26,-55.99
sobolevo,94,1552264110,RU,33.22400000000001,5.27,88,54.43,31.9
tilichiki,80,1552264110,RU,7.754000000000051,1.87,76,60.47,166.1
kaitangata,73,1552264111,NZ,67.19900000000001,2.02,8,-46.28,169.85
mahebourg,88,1552263847,MU,75.00200000000008,2.6,20,-20.41,57.7
luanda,88,1552262400,AO,80.6,3.6,40,-8.83,13.24
hami,69,1552264112,CN,21.52400000000001,1.27,0,42.84,93.51
shimoda,71,1552263911,JP,57.2,4.6,75,34.7,138.93
namibe,100,1552264112,AO,78.94400000000007,3.52,8,-15.19,12.15
outjo,61,1552264112,NA,55.94900000000001,1.32,0,-20.11,16.16
blackwater,74,1552264109,GB,39.992,7.7,0,51.33,-0.78
grand-lahou,92,1552264113,CI,76.64900000000002,2.32,8,5.24,-5
plettenberg bay,98,1552264113,ZA,67.01900000000008,9.62,48,-34.05,23.37
itapirapua,87,1552264114,BR,77.41400000000004,1.62,12,-15.82,-50.61
gibara,69,1552261800,CU,78.80000000000001,5.1,20,21.11,-76.13
aksarka,90,1552264114,RU,19.769000000000073,4.42,76,66.56,67.8
alyangula,79,1552258800,AU,86.0,2.1,64,-13.85,136.42
guerrero negro,70,1552264115,MX,59.729000000000056,4.47,0,27.97,-114.04
lorengau,100,1552264115,PG,78.22400000000002,6.47,80,-2.02,147.27
senovo,76,1552264104,SI,53.99600000000005,1,8,46.02,15.48
magadan,100,1552264116,RU,14.414000000000033,0.87,56,59.56,150.8
urucara,93,1552264116,BR,75.97400000000002,1.12,68,-2.54,-57.76
narwar,49,1552264116,IN,57.569000000000074,2.57,0,25.64,77.91
sremska kamenica,66,1552263966,RS,55.400000000000006,2.1,0,45.22,19.84
manavalakurichi,78,1552262400,IN,82.4,2.1,20,8.13,77.3
bambanglipuro,98,1552264117,ID,72.64400000000008,1.62,88,-7.95,110.28
aldan,62,1552264117,RU,8.114000000000033,1.17,36,58.61,125.39
jiuquan,50,1552264118,CN,2.894000000000073,1.37,0,39.73,98.49
marsh harbour,100,1552263924,BS,74.80400000000006,5.62,76,26.54,-77.06
calama,60,1552262400,CL,69.80000000000001,8.2,0,-22.46,-68.93
nome,73,1552264105,US,77.0,3.1,75,30.04,-94.42
nanning,93,1552258800,CN,51.8,1.47,44,22.83,108.3
dubbo,36,1552260600,AU,80.6,3.6,0,-32.25,148.6
aligudarz,61,1552264119,IR,8.744000000000074,1.12,24,33.4,49.69
constitucion,8,1552263615,MX,78.80000000000001,8.7,5,23.99,-104.67
mahibadhoo,100,1552264120,MV,81.91400000000004,1.42,0,3.78,72.97
zhezkazgan,92,1552264120,KZ,22.154000000000053,1.52,80,47.8,67.71
tura,80,1552264120,IN,57.74900000000001,2.47,0,25.52,90.21
prainha,87,1552264121,BR,79.52900000000005,1.07,64,-1.8,-53.48
vao,92,1552264121,EE,20.219000000000072,2.47,8,59.1,26.19
sitka,53,1552264121,US,44.47400000000001,5.92,56,37.17,-99.65
kholm,94,1552264122,RU,33.944000000000074,2.67,88,57.15,31.18
nabire,85,1552264122,ID,75.92900000000006,0.77,44,-3.36,135.5
karangampel,100,1552264122,ID,80.02400000000002,0.97,88,-6.46,108.44
havelock,83,1552264037,US,69.80000000000001,6.2,20,34.88,-76.9
santiago,46,1552264079,CL,73.4,5.7,0,-33.44,-70.65
buala,81,1552264123,SB,86.14400000000008,2.32,32,-8.15,159.59
samarai,100,1552264123,PG,82.22900000000006,4.02,76,-10.62,150.67
urman,90,1552264123,UA,45.77900000000005,8.87,92,49.57,24.95
la ronge,53,1552262400,CA,23.0,4.6,40,55.1,-105.3
omsukchan,70,1552264124,RU,-3.9009999999999394,1.62,68,62.53,155.8
pavino,78,1552262400,RU,8.599999999999998,4,0,55.02,82.61
sain alto,20,1552264125,MX,71.24900000000002,4.77,0,23.58,-103.25
renigunta,78,1552262400,IN,78.80000000000001,4.1,20,13.64,79.51
kindu,91,1552264126,CD,72.46400000000003,1.32,80,-2.95,25.92
half moon bay,81,1552263933,US,55.99400000000007,4.1,90,37.46,-122.43
matagami,87,1552264126,NG,65.89400000000008,1.42,0,9.67,8.4
nova bana,43,1552263901,SK,51.998000000000026,9.3,20,48.42,18.64
codrington,58,1552263987,AU,87.80000000000001,2.6,56,-28.95,153.24
bubaque,98,1552264127,GW,77.234,4.87,0,11.28,-15.83
kant,51,1552262400,KG,32.0,2,40,42.89,74.85
mount gambier,87,1552258800,AU,60.8,3.6,90,-37.83,140.78
torbay,73,1552263807,CA,26.99600000000005,5.1,5,47.66,-52.73
tutoia,85,1552264128,BR,80.42900000000006,4.27,68,-2.76,-42.27
snihurivka,66,1552264128,UA,37.274000000000015,5.02,48,47.07,32.8
chimbote,84,1552264129,PE,74.89400000000008,2.52,36,-9.08,-78.59
esperance,78,1552263906,TT,80.00600000000003,4.1,40,10.24,-61.45
piet retief,100,1552264130,ZA,60.44900000000001,1.22,92,-27.01,30.81
mwinilunga,97,1552264130,ZM,63.77900000000005,0.97,36,-11.73,24.43
ugoofaaru,100,1552264130,MV,81.46400000000003,1.97,44,5.67,73
hualmay,72,1552264130,PE,75.47900000000006,2.32,80,-11.1,-77.61
flinders,68,1552264036,AU,80.99600000000005,1.5,75,-34.58,150.85
port hardy,52,1552262400,CA,44.6,2.1,90,50.7,-127.42
monaco-ville,87,1552263893,FR,59.0,2.6,0,43.73,7.42
winnemucca,64,1552263338,US,41.0,8.7,90,40.97,-117.74
caravelas,100,1552264132,BR,83.62400000000002,6.82,0,-17.73,-39.27
labuhan,89,1552264132,ID,77.549,0.52,0,-2.54,115.51
baykit,77,1552264132,RU,11.669000000000072,2.07,88,61.68,96.39
port-gentil,97,1552264133,GA,81.28399999999999,2.72,0,-0.72,8.78
barcelos,100,1552264034,PT,57.2,3.6,20,41.53,-8.62
svetlogorsk,92,1552262400,RU,33.8,7,90,53.14,59.15
ketchikan,86,1552262160,US,41.0,10.8,90,55.34,-131.65
nanortalik,100,1552264134,GL,27.73399999999999,10.67,0,60.14,-45.24
novikovo,89,1552264134,UA,39.254000000000055,3.17,20,45.05,34.56
jackson,58,1552263683,US,59.0,3.6,1,35.61,-88.82
swellendam,82,1552262400,ZA,66.2,5.7,92,-34.02,20.44
masterton,59,1552263904,NZ,73.99400000000009,0.45,80,-40.95,175.66
muros,93,1552264112,ES,53.99600000000005,2.6,20,42.77,-9.06
borovichi,90,1552264136,RU,30.929000000000052,4.37,20,58.39,33.91
umm lajj,100,1552264136,SA,57.74900000000001,3.67,0,25.02,37.27
istisu,93,1552262400,AZ,37.4,1.07,75,40.95,48.07
markova,84,1552263541,RU,8.996000000000048,3,0,52.21,104.21
vostok,55,1552264137,RU,28.094000000000072,1.52,68,46.45,135.83
les cayes,97,1552264137,HT,79.66400000000004,5.37,48,18.19,-73.75
saint-jovite,95,1552262400,CA,33.8,4.1,90,46.12,-74.6
akureyri,85,1552262400,IS,23.0,3.1,75,65.68,-18.09
luena,81,1552264138,AO,68.32400000000001,1.67,44,-11.78,19.91
berlevag,78,1552258200,NO,17.6,6.7,0,70.86,29.09
grootfontein,46,1552264139,NA,61.483999999999995,3.67,0,-19.56,18.1
lampazos de naranjo,42,1552264139,MX,84.79400000000007,3.47,0,27.02,-100.51
ampere,66,1552264132,US,60.998000000000026,2.1,1,38.1,-121.24
blind river,100,1552263420,CA,30.2,9.8,90,46.19,-82.96
zhigansk,77,1552264140,RU,4.694000000000074,0.17,64,66.77,123.37
xuddur,55,1552264140,SO,72.41900000000007,4.97,0,4.12,43.89
anadyr,84,1552263788,RU,1.3999999999999986,7,88,64.73,177.51
banjar,95,1552264141,ID,71.47400000000002,1.07,76,-7.37,108.54
aykhal,74,1552264141,RU,-1.2009999999999366,1.37,48,65.95,111.51
parabel,79,1552264141,RU,23.324000000000012,4.27,68,58.71,81.5
antofagasta,77,1552262400,CL,66.2,7.2,75,-23.65,-70.4
makakilo city,57,1552264057,US,80.6,6.7,75,21.35,-158.09
sao gabriel da cachoeira,89,1552264142,BR,78.17900000000006,1.12,88,-0.13,-67.09
werda,90,1552264111,DE,37.99400000000007,6.2,75,50.44,12.3
aasiaat,100,1552264143,GL,13.649000000000012,4.52,76,68.71,-52.87
port blair,100,1552264143,IN,81.28399999999999,2.82,0,11.67,92.75
uruzgan,92,1552264143,AF,23.77400000000001,0.47,88,32.93,66.63
nicolas bravo,8,1552263615,MX,78.80000000000001,8.7,5,24.39,-104.74
alenquer,95,1552264144,BR,75.92900000000006,1.02,32,-1.95,-54.74
castrovillari,100,1552263719,IT,57.992,0.89,0,39.82,16.2
mariel,74,1552263783,CU,78.80000000000001,5.1,75,22.99,-82.75
solwezi,98,1552264145,ZM,63.01400000000004,2.52,92,-12.18,26.4
eirunepe,91,1552264124,BR,76.24400000000009,1.02,64,-6.66,-69.87
anloga,86,1552264145,GH,79.61900000000009,2.27,20,5.79,0.9
khuzhir,71,1552264146,RU,11.264000000000031,3.17,0,53.19,107.35
columbia,56,1552264032,US,44.99600000000005,2.6,1,38.95,-92.33
freudenstadt,48,1552264100,DE,44.99600000000005,6.2,0,48.46,8.41
correntina,83,1552264147,BR,73.49900000000002,0.87,48,-13.34,-44.63
arlit,34,1552264147,NE,69.674,1.92,44,18.74,7.39
urbana,86,1552263966,US,41.0,4.1,1,40.11,-88.21
snasa,73,1552264148,NO,6.629000000000051,1.07,8,64.25,12.38
pangnirtung,79,1552264148,CA,-12.90099999999994,2.32,48,66.15,-65.72
vilhena,88,1552258800,BR,75.2,3.1,75,-12.74,-60.15
kahului,57,1552263614,US,80.6,13.9,40,20.89,-156.47
quang ngai,87,1552264149,VN,71.87900000000005,1.02,8,15.12,108.8
conde,90,1552264150,BR,78.85400000000006,3.07,0,-11.81,-37.61
sendafa,48,1552258800,ET,62.6,4.1,20,9.16,39.02
lavrentiya,100,1552264151,RU,19.49900000000001,17.22,88,65.58,-170.99
port shepstone,96,1552264151,ZA,73.81400000000004,5.82,92,-30.74,30.45
terrace,68,1552263334,CA,33.008,11.8,90,54.52,-128.61
puri,88,1552262400,ID,80.6,1.5,64,-7.54,112.45
ginir,68,1552264152,ET,51.17900000000006,1.07,0,7.14,40.71
ayan,78,1552264152,TR,27.14900000000001,1.22,32,40.67,33.6
lotofaga,59,1552263783,WS,89.6,7.7,40,-13.98,-171.86
rangoon,94,1552262400,MM,71.6,1,0,16.81,96.16
jimenez,62,1552263599,PA,87.80000000000001,6.2,20,8.54,-82.37
litovko,60,1552264153,RU,27.374000000000013,1.67,20,49.24,135.18
qazax,80,1552264153,AZ,27.554000000000052,0.97,8,41.09,45.37
batagay-alyta,51,1552264154,RU,-11.550999999999938,1.67,44,67.8,130.41
victoria point,62,1552264109,AU,93.99199999999999,6.7,0,-27.58,153.3
ahipara,90,1552262919,NZ,73.00400000000005,3.17,76,-35.17,173.16
cassilandia,79,1552264154,BR,75.47900000000006,3.02,64,-19.11,-51.73
terney,87,1552264155,RU,32.41400000000003,3.42,64,45.05,136.61
marienburg,93,1552264155,DE,39.00200000000008,5.7,75,52.12,9.98
amazar,38,1552264155,RU,12.704000000000054,4.32,0,53.86,120.88
annau,78,1552262400,TM,39.2,1,0,37.89,58.52
jumla,95,1552264156,NP,12.749000000000013,1.17,0,29.28,82.18
avera,77,1552264133,US,71.6,1.5,90,33.19,-82.53
kontagora,75,1552264157,NG,76.15400000000005,2.82,20,10.4,5.47
kovur,89,1552264157,IN,73.72400000000002,3.57,0,14.5,79.99
zalantun,47,1552264157,CN,29.98399999999999,4.37,0,48,122.72
salasu de sus,90,1552263925,RO,44.00600000000003,1.34,64,45.52,22.95
baruun-urt,54,1552264158,MN,16.34900000000001,6.57,8,46.68,113.28
mercedes,66,1552264158,UY,69.94400000000007,4.32,36,-33.25,-58.03
egvekinot,76,1552264159,RU,-1.6959999999999482,7.02,56,66.32,-179.17
maldonado,72,1552262400,UY,62.6,4.1,20,-34.91,-54.96
piacabucu,83,1552264160,BR,75.74900000000002,3.77,0,-10.41,-36.43
lubao,88,1552264086,PH,82.00400000000005,1,75,14.94,120.6
dzhebariki-khaya,74,1552264160,RU,-0.1659999999999613,0.97,0,62.22,135.8
puerto penasco,68,1552263358,MX,60.998000000000026,8.49,8,31.32,-113.53
tatarsk,91,1552264161,RU,19.004000000000055,5.77,80,55.22,75.96
sulangan,100,1552264161,PH,80.20400000000006,3.22,0,11.14,123.72
kulhudhuffushi,100,1552264161,MV,81.46400000000003,2.22,0,6.62,73.07
tungor,72,1552264162,RU,16.12400000000001,2.07,8,53.39,142.95
vila do maio,77,1552262400,CV,69.80000000000001,7.7,0,15.13,-23.22
hovd,85,1552263916,NO,28.004000000000055,4.6,75,63.83,10.7
northam,60,1552263975,GB,44.00600000000003,11.8,68,51.04,-4.21
bara,60,1552264163,NG,73.67900000000006,1.27,36,10.41,10.6
sioux lookout,79,1552263300,CA,21.2,4.1,90,50.1,-91.92
bonavista,79,1552263433,CA,24.008000000000003,3.17,0,48.65,-53.11
leeton,38,1552262400,AU,77.0,1.5,0,-34.55,146.4
manokwari,98,1552264164,ID,81.734,1.12,92,-0.87,134.08
mvuma,80,1552264164,ZW,63.149000000000015,4.22,0,-19.28,30.53
huacho,72,1552264139,PE,75.47900000000006,2.32,80,-11.11,-77.61
vilyuysk,72,1552264165,RU,5.864000000000033,2.07,44,63.75,121.63
warrington,75,1552264004,GB,41.0,12.9,40,53.39,-2.59
chotebor,65,1552264081,CZ,42.8,13.9,0,49.72,15.67
zelenogradsk,100,1552260600,RU,33.8,5,75,54.96,20.48
tessalit,32,1552264167,ML,52.07900000000005,1.62,0,20.2,1.01
victor harbor,46,1552264081,AU,71.6,6.2,75,-35.55,138.62
grand gaube,88,1552264148,MU,75.00200000000008,2.6,20,-20.01,57.66
ciudad guayana,57,1552264168,VE,85.01900000000008,4.12,12,8.32,-62.69
evensk,100,1552264168,RU,8.069000000000074,1.97,56,61.92,159.24
dumai,92,1552264169,ID,76.78399999999999,1.07,20,1.68,101.45
la palma,70,1552264169,CO,76.19900000000001,0.97,32,5.36,-74.39
cururupu,91,1552264169,BR,78.22400000000002,1.97,80,-1.82,-44.87
oga,91,1552264170,NG,74.21900000000008,3.92,92,8.18,5.65
abong mbang,80,1552264170,CM,70.61900000000009,1.07,8,3.98,13.18
aswan,10,1552258800,EG,64.4,2.6,0,24.09,32.9
petropavlovskoye,89,1552262400,RU,32.0,2,24,46.79,142.5
tambun,88,1552262400,MY,77.0,1,75,4.62,101.14
padang,94,1552262400,ID,75.2,1,40,-0.92,100.36
oussouye,83,1552262400,SN,73.4,2.1,0,12.49,-16.54
yeppoon,55,1552262400,AU,87.80000000000001,2.6,90,-23.13,150.74
praia da vitoria,87,1552263442,PT,60.8,6.57,75,38.73,-27.07
muriae,96,1552264172,BR,69.94400000000007,1.57,80,-21.13,-42.37
goundam,41,1552264173,ML,62.42900000000006,3.87,0,16.42,-3.66
innisfail,62,1552263615,CA,30.002000000000077,3.6,75,52.02,-113.95
alofi,66,1552262400,NU,87.80000000000001,6.2,44,-19.06,-169.92
ondjiva,65,1552264174,AO,65.57900000000006,1.27,8,-17.07,15.73
sovetskiy,96,1552264174,RU,31.64900000000001,4.02,80,56.76,48.47
nanakuli,57,1552264057,US,80.6,6.7,75,21.39,-158.15
saint-denis,81,1552264169,FR,44.99600000000005,3.1,92,48.94,2.36
arkhangelsk,92,1552262400,RU,30.2,3,40,64.54,40.54
lucapa,88,1552264176,AO,68.81900000000007,1.17,8,-8.42,20.74
port lincoln,95,1552264176,AU,65.44400000000007,4.47,80,-34.72,135.86
usogorsk,93,1552264176,RU,28.769000000000073,2.07,36,63.43,48.71
smithers,74,1552262400,CA,30.2,2.1,90,54.78,-127.17
chongqing,76,1552262400,CN,55.400000000000006,1,68,29.56,106.55
kalanwali,70,1552264177,IN,58.964000000000034,2.22,100,29.83,74.98
cuamba,95,1552264177,MZ,64.00400000000005,2.12,0,-14.8,36.54
oriximina,95,1552264181,BR,76.78399999999999,1.17,48,-1.77,-55.87
taoudenni,31,1552264181,ML,55.814000000000036,2.52,0,22.68,-3.98
amahai,100,1552264181,ID,80.96900000000008,2.92,48,-3.31,129
finnsnes,82,1552263600,NO,14.0,1.32,0,69.23,17.98
okhotsk,80,1552264182,RU,11.983999999999991,5.27,0,59.36,143.24
singaraja,100,1552264182,ID,75.25400000000005,1.12,12,-8.11,115.08
thinadhoo,100,1552264183,MV,82.76900000000008,1.37,0,0.53,72.93
gouyave,88,1552264200,GD,75.2,5.1,75,12.16,-61.73
luau,90,1552264183,CD,66.52400000000002,1.07,8,-10.7,22.23
quatre cocos,88,1552264148,MU,75.00200000000008,2.6,20,-20.21,57.76
reconquista,78,1552264184,AR,68.27900000000005,4.02,0,-29.14,-59.64
clyde river,75,1552262400,CA,-20.199999999999953,1.5,1,70.47,-68.59
mulege,50,1552264185,MX,65.71400000000003,1.87,92,26.88,-111.98
camacha,77,1552262870,PT,60.8,6.2,40,33.08,-16.33
mayo,44,1552262400,CA,37.4,1,90,63.59,-135.9
sunrise manor,28,1552263954,US,60.00800000000001,4.6,1,36.21,-115.07
north bend,57,1552263927,US,53.99600000000005,8.2,1,43.41,-124.22
kysyl-syr,77,1552264186,RU,6.719000000000072,1.22,68,63.9,122.77
flin flon,52,1552258800,CA,15.8,2.1,20,54.77,-101.88
dickinson,67,1552263944,US,28.994000000000074,4.1,1,46.88,-102.79
valparaiso,69,1552263923,US,37.4,7.2,40,41.47,-87.06
gamba,43,1552264028,CN,-12.765999999999956,0.87,0,28.28,88.52
gizo,76,1552264124,IL,55.99400000000007,2.6,40,31.8,34.94
dalkola,66,1552264187,IN,59.05400000000006,2.07,0,25.88,87.84
ramona,58,1552264152,US,59.0,4.1,75,33.04,-116.87
lovington,62,1552263994,US,53.00600000000003,7.2,90,32.94,-103.35
coos bay,57,1552263927,US,53.99600000000005,8.2,1,43.37,-124.22
roald,94,1552263600,NO,32.0,2.1,88,62.58,6.12
oksbol,80,1552263979,DK,33.8,2.1,48,55.63,8.29
buchanan,94,1552262400,LR,77.0,1.67,40,5.88,-10.05
agirish,78,1552264189,RU,26.383999999999993,3.47,24,61.92,63.02
los llanos de aridane,72,1552263960,ES,68.0,4.6,0,28.66,-17.92
rawson,19,1552264125,AR,83.66900000000007,7.52,0,-43.3,-65.11
semey,80,1552264190,KZ,13.333999999999993,1.22,68,50.41,80.25
manaus,78,1552261380,BR,80.6,1.5,40,-3.13,-59.98
te anau,55,1552264191,NZ,66.79400000000007,1.97,12,-45.41,167.72
aberdeen,73,1552263978,US,21.002000000000077,2.6,1,45.47,-98.49
polson,54,1552263964,US,35.99600000000005,5.1,1,47.69,-114.16
kondinskoye,85,1552264192,RU,24.674000000000014,3.22,0,59.65,67.41
jacareacanga,95,1552264192,BR,76.64900000000002,0.62,8,-6.22,-57.76
assiniboia,83,1552264192,CA,12.704000000000054,1.67,0,49.63,-105.99
nioro,34,1552264193,GM,71.69900000000001,3.67,0,13.79,-15.05
birecik,70,1552261800,TR,48.2,1.87,0,37.03,37.98
warwick,100,1552264028,US,46.4,2.1,90,41.7,-71.42
bouca,66,1552264194,CF,68.86400000000003,0.82,0,6.51,18.28
karratha,58,1552264194,AU,84.92900000000006,2.02,0,-20.74,116.85
ballina,85,1552264091,IE,42.008,2.24,56,54.11,-9.15
chapada dos guimaraes,74,1552262400,BR,86.0,2.1,20,-15.46,-55.75
madimba,94,1552262400,CM,80.6,1,75,4.42,9.93
carbondale,60,1552263919,US,42.8,2.6,1,38.82,-95.69
ariquemes,73,1552264196,BR,81.55400000000006,1.47,20,-9.91,-63.03
faya,72,1552262400,SA,60.8,7.2,40,18.39,42.45
cap malheureux,88,1552264148,MU,75.00200000000008,2.6,20,-19.98,57.61
bereda,81,1552264134,ES,53.00600000000003,1,75,43.27,-7.54
